"DV","lasso_lambda.1se","lasso_mse","lasso_train_r2","lasso_train_mse","lasso_train_r_actual_pred","lasso_test_r2","lasso_test_mse","lasso_test_r_actual_pred","rf_mtry","rf_min.node.size","rf_mse","rf_train_r2","rf_train_mse","rf_train_r_actual_pred","rf_test_r2","rf_test_mse","rf_test_r_actual_pred","representative_r2","representative_mse","representative_r_actual_pred"
"c19eff","0.0110255989485201","1.08955165178148","0.579131773301994","1.08499181941634","0.761212001507646","0.588683914966296","1.07398942198687","0.767639329106584","42","21","1.04717859154913","0.59239757379087","1.05079278965977","0.771496149960777","0.60316934762011","1.03616643861917","0.778931493843849","0.61418044714615","0.921877085111218","0.784628233729456"
"c19perbeh","0.0178587468480234","0.519569033100367","0.478423528534092","0.518067450887996","0.693160202556793","0.477937587855744","0.540497504161929","0.693869566293548","29","5","0.475365885257623","0.518935823383714","0.477827711423945","0.724936550848465","0.521238576684599","0.495667468814981","0.727186994560588",NA,NA,NA
"c19perbeh","0.0178587468480234","0.519569033100367","0.478423528534092","0.518067450887996","0.693160202556793","0.477937587855744","0.540497504161929","0.693869566293548","29","5","0.475365885257623","0.518935823383714","0.477827711423945","0.724936550848465","0.521238576684599","0.495667468814981","0.727186994560588","0.588261928232696","0.554597216716793","0.765755316608222"
