"","results/res_c19eff.RData","results/res_c19perbeh.RData","results/res_c19proso.RData","results/res_consp.RData","results/res_ecoproso.RData","results/res_ecorca.RData","results/res_isofriends_inperson.RData"
"representative_r2",0.61418044714615,0.588261928232696,0.66457498597776,0.287783736668038,0.684843041066594,0.350789437613886,0.334583471295998
"representative_mse",0.921877085111218,0.554597216716793,0.553327209025338,3.29052925499082,0.60877633070373,1.29406860113318,3.60478002305815
"representative_r_actual_pred",0.784628233729456,0.765755316608222,0.811780906363707,0.544763925564288,0.828593966096418,0.599030070624004,0.581083861163386
