"","results/res_c19eff.RData","results/res_c19perbeh.RData","results/res_c19proso.RData","results/res_consp.RData","results/res_ecoproso.RData","results/res_ecorca.RData","results/res_isofriends_inperson.RData"
"representative_r2",0.615480569799822,0.58495206241638,0.66399469438401,0.287688674050592,0.684673618145109,0.351703362468537,0.334396732265071
"representative_mse",0.916904051652368,0.561145226985318,0.554561254848474,3.30222634713309,0.60895849659759,1.29162802486393,3.61614326205947
"representative_r_actual_pred",0.785364347508858,0.763231532379307,0.811430931718721,0.545389920066304,0.827868506777974,0.599596248746702,0.580714062021407
