"","results/res_c19eff.RData","results/res_c19perbeh.RData","results/res_c19proso.RData","results/res_consp.RData","results/res_ecoproso.RData","results/res_ecorca.RData","results/res_isofriends_inperson.RData"
"representative_r2",0.615607733062681,0.585872472472627,0.664819770203571,0.287585053601039,0.684656407019813,0.351962033863468,0.334291730690074
"representative_mse",0.916438402939895,0.56006782455872,0.553142775556278,3.30262582986363,0.60889567317852,1.29089927245832,3.61601554257828
"representative_r_actual_pred",0.785442864522154,0.763747312580103,0.811881756871346,0.544670181378015,0.828054815170366,0.599836726411099,0.58074707154658
